metric,value
split,test
images,2989
TP,2487
FP,0
FN,502
TN,0
accuracy,0.8320508531281365
precision,1.0
recall,0.8320508531281365
f1,0.908327246165084
