metric,value
split,test
images,2989
TP,1911
FP,0
FN,1078
TN,0
accuracy,0.639344262295082
precision,1.0
recall,0.639344262295082
f1,0.78
