images,TP,FP,FN,TN,accuracy,precision,recall,f1
1056,78,61,283,634,0.6742424242424242,0.5611510791366906,0.21606648199445982,0.31199999999999994
